Category	Item	CDEF	Inventory?	Comments
Book	A Hero's Journey I	4548	Yes	Confirmed via clean single-CDEF isolated test (fresh profile)
Book	A Hero's Journey II	4542	Yes	Confirmed via clean single-CDEF isolated test (fresh profile)
Book	A Hero's Journey III	4544	Yes	Confirmed via clean single-CDEF isolated test (fresh profile)
Book	A History Of The Guild	4562	Yes	
Book	A Love Story	4564	Yes	
Book	Book Of Spells	4570	Yes	
Book	Creatures Of Albion Book I	4556	Yes	
Book	Creatures Of Albion Book II	4557	Yes	
Book	Creatures Of Albion Book III	4558	Yes	
Book	Creatures Of The North	4559	Yes	
Book	Eyes Of A Killer			
Book	Jack Of Blades	4563	Yes	
Book	Making Friends			
Book	The Arena	4555	Yes	
Book	The Dragons	4560	Yes	
Book	The Guild Of Zeroes	4550	Yes	Confirmed via clean single-CDEF isolated test (fresh profile)
Book	The Hierarchy Of Weapons	4572	Yes	
Book	The Northern Wastes	4566	Yes	
Book	The Oakvale Raid	4545	Yes	Confirmed via clean single-CDEF isolated test (fresh profile)
Book	The Old Kingdom	4567	Yes	
Book	The Other Land	4568	Yes	
Book	The Pale Balverine	4573	Yes	
Book	The Repentant Alchemist	4540	Yes	Confirmed via clean single-CDEF isolated test (fresh profile)
Book	The Sock Method			
Book	The Tailor's Tragedy	4552	Yes	Confirmed via clean single-CDEF isolated test (fresh profile) (BOOK_STORY_14)
Book	The Tale Of Maxley	4565	Yes	
Book	The Tale Of Twinblade	4571	Yes	
Book	The Trials Of Aarkan	4546	Yes	Confirmed via clean single-CDEF isolated test (fresh profile)
Book	The Trigamist	4553	Yes	Confirmed via clean single-CDEF isolated test (fresh profile) (BOOK_STORY_15)
Book	The Ugly Guide			
Book	Three Haikus by Milo the Bard	4561	Yes	In-game shows as 'Three Haikus by Miko the Bard' -- sheet has 'Milo', likely a spelling variant/typo somewhere
Book	Windbreaker Rule Book			
Book	You Are Not a Bad Person			
Book	The Rotten Apple	4541	Yes	Confirmed via clean single-CDEF isolated test (fresh profile)
Book	Sutter Family History	4539	Yes	Confirmed via clean single-CDEF isolated test (fresh profile)
Book	Avo Nice Day	4543	Yes	Confirmed via clean single-CDEF isolated test (fresh profile)
Book	The Bargate Poems	4547	Yes	Confirmed via clean single-CDEF isolated test (fresh profile)
Book	The story of 'x'	4549	Yes	Confirmed via clean single-CDEF isolated test (fresh profile)
Book	A Hero's Journey IV	4554	Yes	Confirmed via clean single-CDEF isolated test (fresh profile) (BOOK_STORY_16). Earlier batch read had 4551/4553/4554 scrambled.
Book	Seers and Prophets	4569	Yes	Not previously on sheet; confirmed in-game
Book	Theresa's Letter	4574	Yes	Not previously on sheet; confirmed in-game
Book	The Bloodline	4575	Yes	Not previously on sheet; confirmed in-game
Book	The Balverine Slayer	4551	Yes	Confirmed via clean single-CDEF isolated test (fresh profile) (BOOK_STORY_13)
				
				
				
Clothing	Aeon's Battle Boots			
Clothing	Aeon's Battle Gauntlets			
Clothing	Aeon's Battle Helmet			
Clothing	Aeon's Battle Leggings			
Clothing	Aeon's Chest Piece			
Clothing	Apollo's Boots			
Clothing	Apollo's Gloves			
Clothing	Apollo's Hood			
Clothing	Apollo's Shirt			
Clothing	Apollo's Trousers			
Clothing	Apprentice Boots			
Clothing	Apprentice Gloves			
Clothing	Apprentice Hooded Upper Robe			
Clothing	Apprentice Lower Robe			
Clothing	Apprentice Upper Robe			
Clothing	Archon's Battle Boots			
Clothing	Archon's Battle Chest Piece			
Clothing	Archon's Battle Gauntlets			
Clothing	Archon's Battle Helmet			
Clothing	Archon's Battle Leggings			
Clothing	Assassin Boots			
Clothing	Assassin Gloves			
Clothing	Assassin Shirt			
Clothing	Assassin Trousers			
Clothing	Borrowed Whisper's Boots			
Clothing	Borrowed Whisper's Gloves			
Clothing	Borrowed Whisper's Hat			
Clothing	Borrowed Whisper's Shirt			
Clothing	Borrowed Whisper's Shorts			
Clothing	Bowerstone Guard Boots			
Clothing	Bowerstone Guard Gloves			
Clothing	Bowerstone Guard Hat			
Clothing	Bowerstone Guard Shirt			
Clothing	Bowerstone Guard Trousers			
Clothing	Bright Chainmail Boots			
Clothing	Bright Chainmail Gauntlets			
Clothing	Bright Chainmail Helmet			
Clothing	Bright Chainmail Leggings			
Clothing	Bright Chainmail Shirt			
Clothing	Bright Dress Gloves			
Clothing	Bright Leather Boots			
Clothing	Bright Leather Chest			
Clothing	Bright Leather Gauntlets			
Clothing	Bright Leather Leggings			
Clothing	Bright Lower Dress			
Clothing	Bright Plate Boots			
Clothing	Bright Plate Chest Piece			
Clothing	Bright Plate Gauntlets			
Clothing	Bright Plate Leggings			
Clothing	Bright Upper Dress			
Clothing	Bright Villager Boots			
Clothing	Bright Villager Gloves			
Clothing	Bright Villager Shirt			
Clothing	Bright Villager Trousers			
Clothing	Bright Wizard Hat			
Clothing	Chainmail Boots			
Clothing	Chainmail Gauntlets			
Clothing	Chainmail Helmet			
Clothing	Chainmail Leggings			
Clothing	Chainmail Shirt			
Clothing	Chicken Hat			
Clothing	Dark Chainmail Boots			
Clothing	Dark Chainmail Gauntlets			
Clothing	Dark Chainmail Helm			
Clothing	Dark Chainmail Leggings			
Clothing	Dark Chainmail Shirt			
Clothing	Dark Dress Gloves			
Clothing	Dark Leather Boots			
Clothing	Dark Leather Chest			
Clothing	Dark Leather Gauntlets			
Clothing	Dark Leather Leggings			
Clothing	Dark Lower Dress			
Clothing	Dark Plate Boots			
Clothing	Dark Plate Chest Piece			
Clothing	Dark Plate Gauntlets			
Clothing	Dark Plate Leggings			
Clothing	Dark Upper Dress			
Clothing	Dark Villager Boots			
Clothing	Dark Villager Gloves			
Clothing	Dark Villager Shirt			
Clothing	Dark Villager Suit			
Clothing	Dark Villager Trousers			
Clothing	Dark Will User's Boots			
Clothing	Dark Will User's Gloves			
Clothing	Dark Will User's Upper Robe			
Clothing	Dark Will User's Lower Robe			
Clothing	Dark Wizard Hat			
Clothing	Dave's Hat			
Clothing	Dress Gloves			
Clothing	Fire Assassin Boots			
Clothing	Fire Assassin Gloves			
Clothing	Fire Assassin Shirt			
Clothing	Fire Assassin Trousers			
Clothing	Fisherman's Hat			
Clothing	Guard Boots			
Clothing	Guard Gloves			
Clothing	Guard Hat			
Clothing	Guard Shirt			
Clothing	Guard Trousers			
Clothing	Graduate Boots			
Clothing	Graduate Gloves			
Clothing	Graduate Lower Robe			
Clothing	Graduate Upper Robe			
Clothing	Guildmaster's Spare Boots			
Clothing	Guildmaster's Spare Gloves			
Clothing	Guildmaster's Spare Shirt			
Clothing	Guildmaster's Spare Shorts			
Clothing	Holy Warrior Helm			
Clothing	Jack Of Blades Boots			
Clothing	Jack Of Blades Gauntlets			
Clothing	Jack Of Blades Hooded Upper Robe			
Clothing	Jack Of Blades Lower Robe			
Clothing	Knothole Guard Boots			
Clothing	Knothole Guard Gloves			
Clothing	Knothole Guard Hat			
Clothing	Knothole Guard Shirt			
Clothing	Knothole Guard Trousers			
Clothing	Lady Grey Cosplay Gloves			
Clothing	Lady Grey Cosplay Headwear			
Clothing	Lady Grey Cosplay Upper Dress			
Clothing	Lady Grey Cosplay Lower Dress			
Clothing	Leather Armour Boots			
Clothing	Leather Armour Chest Piece			
Clothing	Leather Armour Gauntlets			
Clothing	Leather Armour Helmet			
Clothing	Leather Armour Leggings			
Clothing	Leather Boots			
Clothing	Leather Chest Piece			
Clothing	Leather Gauntlets			
Clothing	Leather Leggings			
Clothing	Lion's Head Helm			
Clothing	Lower Dress			
Clothing	Maze's Lost Boots			
Clothing	Maze's Lost Gloves			
Clothing	Maze's Lost Shirt			
Clothing	Maze's Lost Trousers			
Clothing	Minion Fancy Dress Boots			
Clothing	Minion Fancy Dress Chest Piece			
Clothing	Minion Fancy Dress Gloves			
Clothing	Minion Fancy Dress Hat			
Clothing	Minion Fancy Dress Leggings			
Clothing	Obsidian Boots			
Clothing	Obsidian Chest Piece			
Clothing	Obsidian Gauntlets			
Clothing	Obsidian Helmet			
Clothing	Obsidian Leggings			
Clothing	Peiratēs Boots			
Clothing	Peiratēs Gauntlets			
Clothing	Peiratēs Hat			
Clothing	Peiratēs Shirt			
Clothing	Peiratēs Trousers			
Clothing	Plate Boots			
Clothing	Plate Chest Piece			
Clothing	Plate Gauntlets			
Clothing	Plate Leggings			
Clothing	Pre-Owned Thunder Boots			
Clothing	Pre-Owned Thunder Chest Piece			
Clothing	Pre-Owned Thunder Gauntlets			
Clothing	Pre-Owned Thunder Helmet			
Clothing	Pre-Owned Thunder Trousers			
Clothing	Prophet Upper Robe			
Clothing	Prophet Lower Robe			
Clothing	Prophet Gloves			
Clothing	Prophet Boots			
Clothing	Redhead Wig			
Clothing	Scythe's Charity Boots			
Clothing	Scythe's Charity Gauntlets			
Clothing	Scythe's Charity Headwear			
Clothing	Scythe's Charity Upper Robe			
Clothing	Scythe's Charity Lower Robe			
Clothing	Snowspire Guard Boots			
Clothing	Snowspire Guard Gloves			
Clothing	Snowspire Guard Headwear			
Clothing	Snowspire Guard Shirt			
Clothing	Snowspire Guard Trousers			
Clothing	Upper Dress			
Clothing	Villager Boots			
Clothing	Villager Gloves			
Clothing	Villager Shirt			
Clothing	Villager Trousers			
Clothing	Wasp Boots			
Clothing	Wasp Chest Piece			
Clothing	Wasp Gloves			
Clothing	Wasp Hat			
Clothing	Wasp Trousers			
Clothing	Will Bright Lower Robe			
Clothing	Will Bright Upper Robe			
Clothing	Will Lower Robe			
Clothing	Will Upper Robe			
Clothing	Will User's Boots			
Clothing	Will User's Bright Boots			
Clothing	Will User's Bright Gloves			
Clothing	Will User's Gloves			
Clothing	(range note - see comment)	3404	No	CRASHES the game on AddItemToInventory (isolated test). The whole OBJECT_HERO_* range (3404-3519) appears to be worn-appearance objects, not carryable items - cannot be granted via this path. Confirmed with both the base template (3404 OBJECT_HERO_BOOTS) and a named variant (3422 OBJECT_HERO_BOOTS_CHAINMAIL). Clothing needs a different grant mechanism, like gold.
Clothing	(range note - see comment)	3422	No	CRASHES the game on AddItemToInventory (isolated test). The whole OBJECT_HERO_* range (3404-3519) appears to be worn-appearance objects, not carryable items - cannot be granted via this path. Confirmed with both the base template (3404 OBJECT_HERO_BOOTS) and a named variant (3422 OBJECT_HERO_BOOTS_CHAINMAIL). Clothing needs a different grant mechanism, like gold.
Emote	Apologise			
Emote	Air Guitar			
Emote	Avisto			
Emote	Ballet Dance			
Emote	Belch			
Emote	Blood Lust Roar			
Emote	Calran			
Emote	Cock-A-Doodle-Do			
Emote	Cossack Dance			
Emote	Crotch Grab			
Emote	Disco Dance			
Emote	Fart			
Emote	Flamenco Dance			
Emote	Flirt			
Emote	Follow			
Emote	Giggle			
Emote	Insult			
Emote	Kiss My Ass			
Emote	Lockpick			
Emote	Manly Arm Pump			
Emote	Middle Finger			
Emote	Moryk			
Emote	Scary Laugh			
Emote	Sexy Hero Pose			
Emote	Sneer			
Emote	Tap Dance			
Emote	Thanks			
Emote	Vulgar Thrust			
Emote	Wait			
Emote	Yeron			
Food	Apple Pie			
Food	Beer			
Food	Blueberry Pie			
Food	Carrot			
Food	Crunchy Chick			
Food	Fish 1			
Food	Fish 2			
Food	Golden Carrot			
Food	Green Apple			
Food	Moonfish			
Food	Red Meat			
Food	Tofu			
Gift	Amethyst	4440	Yes	Confirmed via clean single-CDEF isolated test (fresh profile).
Gift	Black Rose	5129	Yes	Confirmed via clean single-CDEF isolated test (fresh profile).
Gift	Chocolates	4317	Yes	Confirmed via clean single-CDEF isolated test (fresh profile).
Gift	Diamond	4441	Yes	Confirmed via clean single-CDEF isolated test (fresh profile).
Gift	Emerald	4442	Yes	Confirmed via clean single-CDEF isolated test (fresh profile).
Gift	Fake Wedding Ring	4319	Yes	Confirmed via clean single-CDEF isolated test (fresh profile).
Gift	Jet	4445	Yes	Confirmed via clean single-CDEF isolated test (fresh profile).
Gift	Perfume	4314	Yes	Confirmed via clean single-CDEF isolated test (fresh profile).
Gift	Red Rose	4315	Yes	Confirmed via clean single-CDEF isolated test (fresh profile).
Gift	Ruby	4443	Yes	Confirmed via clean single-CDEF isolated test (fresh profile).
Gift	Sapphire	4444	Yes	Confirmed via clean single-CDEF isolated test (fresh profile).
Gift	Teddy Bear	5131	Yes	Confirmed via clean single-CDEF isolated test (fresh profile).
Gift	Wedding Ring	4318	Yes	Confirmed via clean single-CDEF isolated test (fresh profile).
Gold	1 Gold			
Gold	5 Gold			
Gold	20 Gold			
Gold	25 Gold			
Gold	50 Gold			
Gold	100 Gold			
Gold	125 Gold			
Gold	160 Gold			
Gold	180 Gold			
Gold	200 Gold			
Gold	250 Gold			
Gold	275 Gold			
Gold	300 Gold			
Gold	375 Gold			
Gold	400 Gold			
Gold	500 Gold			
Gold	600 Gold			
Gold	750 Gold			
Gold	800 Gold			
Gold	900 Gold			
Gold	1000 Gold			
Gold	1100 Gold			
Gold	1200 Gold			
Gold	1300 Gold			
Gold	1400 Gold			
Gold	1500 Gold			
Gold	1600 Gold			
Gold	1800 Gold			
Gold	1900 Gold			
Gold	2000 Gold			
Gold	2200 Gold			
Gold	2500 Gold			
Gold	2600 Gold			
Gold	3000 Gold			
Gold	3500 Gold			
Gold	4000 Gold			
Gold	4200 Gold			
Gold	4500 Gold			
Gold	4600 Gold			
Gold	5000 Gold			
Gold	5400 Gold			
Gold	5500 Gold			
Gold	5800 Gold			
Gold	6000 Gold			
Gold	6200 Gold			
Gold	7000 Gold			
Gold	8000 Gold			
Gold	10000 Gold			
Gold	15000 Gold			
Gold	16000 Gold			
Gold	18000 Gold			
Gold	20000 Gold			
Gold	22000 Gold			
Gold	25000 Gold			
Gold	27000 Gold			
Gold	28000 Gold			
Gold	28500 Gold			
Gold	28600 Gold			
Melee	Avo's Tear			
Melee	Axel The Axe			
Melee	Big Clucking Hammer			
Melee	Blacksmithy's Bludgeoner			
Melee	Cutlass Bluetane			
Melee	Dollmaster's Mace			
Melee	Hobbecaster			
Melee	Iron Axe			
Melee	Iron Cleaver			
Melee	Iron Greataxe			
Melee	Iron Greathammer			
Melee	Iron Greatmace			
Melee	Iron Greatsword			
Melee	Iron Katana			
Melee	Iron Longsword			
Melee	Iron Mace			
Melee	Iron Pickhammer			
Melee	Kraken Catcher			
Melee	Master Greataxe			
Melee	Master Katana			
Melee	Master Cleaver			
Melee	Master Mace			
Melee	Master Greathammer			
Melee	Master Axe			
Melee	Master Greatmace			
Melee	Master Greatsword			
Melee	Master Longsword			
Melee	Master Pickhammer			
Melee	Murren Greathammer			
Melee	N.W.A. Staff			
Melee	Obsidian Axe			
Melee	Obsidian Cleaver			
Melee	Obsidian Greataxe			
Melee	Obsidian Greathammer			
Melee	Obsidian Greatmace			
Melee	Obsidian Greatsword			
Melee	Obsidian Katana			
Melee	Obsidian Longsword			
Melee	Obsidian Mace			
Melee	Obsidian Pickhammer			
Melee	Oneblade			
Melee	Orkon's Club			
Melee	Peiratēs Cutlass			
Melee	Rise Of The Fenix			
Melee	Steel Axe			
Melee	Steel Cleaver			
Melee	Steel Greataxe			
Melee	Steel Greathammer			
Melee	Steel Greatmace			
Melee	Steel Greatsword			
Melee	Steel Katana			
Melee	Steel Longsword			
Melee	Steel Mace			
Melee	Steel Pickhammer			
Melee	Stick			
Melee	Solus Greatsword			
Melee	Sophia's Sword			
Melee	Sword Of Strategia			
Melee	The Big Boo			
Melee	The Buzzaxe			
Melee	The Harbinger			
Melee	The Headbanger			
Melee	The Jackarse			
Melee	The Katana Hiryu			
Melee	The Murren Greataxe			
Melee	The Sentinus			
Melee	Undead Axe			
Melee	Wardog's Sword			
Melee	Weapon Of The Damned			
Melee	Wellow's Pickhammer			
Melee	(weapon range note - see comment)	5474	No	CRASHES AddItemToInventory (item creates OK, add faults). Tested 5474 IRON_LONGSWORD: crashes on kid AND adult save, quick_access true/false, silent true/false, and with the creator's own prebuilt add_item_mod. The whole weapon range (~5474-5636 swords/axes/bows) needs an equip-weapon grant path, not AddItemToInventory.
Misc	Beer Keg			
Misc	Briar Rose Hero Doll			
Misc	Cider Crate			
Misc	Demon Relic			
Misc	Flour Sack			
Misc	Grain Sack			
Misc	Jack Hero Doll			
Misc	Rock Of Necrilia			
Misc	Skorm's Tear			
Misc	Slab Of Jeroen			
Misc	Tablet Of Torment			
Misc	Thunder Hero Doll			
Misc	Doll Of You			
Misc	Fist Fight Level 4 Passed			
Misc	Flame Augmentation			
Misc	Experience Augmentation			
Misc	Health Augmentation			
Misc	Lightning Augmentation			
Misc	Mana Augmentation			
Misc	Piercing Augmentation			
Misc	Silver Augmentation			
Misc	Sharpening Augmentation			
Potion	Ages Of Might Potion			
Potion	Ages Of Skill Potion			
Potion	Ages Of Will Potion			
Potion	Elixir Of Life	4294	Yes	
Potion	Health Potion			
Potion	Resurrection Phial			
Potion	Will Master's Elixir			
Potion	Will Potion			
Quest	Avisto's Tablet			
Quest	Arban's Thaumaturgica	4576	Yes	Confirmed via clean single-CDEF isolated test (fresh profile). Symbol OBJECT_MAZE_JOURNAL.
Quest	Bandit Bandana			
Quest	Bandit Boots			
Quest	Bandit Camp Pass			
Quest	Bandit Gloves			
Quest	Bandit Trousers			
Quest	Bandit Seal			
Quest	Bandit Shirt			
Quest	Blue Mushroom			
Quest	Calran's Tablet			
Quest	Cooking Apple			
Quest	Dusty Notebook	4577	Yes	Confirmed via clean single-CDEF isolated test (fresh profile). Symbol OBJECT_HAUNTED_DIARY_01.
Quest	Fire Heart			
Quest	Fist Fight Level 1 Passed			
Quest	Fist Fight Level 2 Passed			
Quest	Fist Fight Level 3 Passed			
Quest	Hexagon Key			
Quest	Key To Hostage Cage			
Quest	Moryk's Tablet			
Quest	Nostro's Armor			
Quest	Nostro's Helmet			
Quest	Nostro's Shield			
Quest	Nostro's Sword			
Quest	Prison Cell Key			
Quest	Letter From Cyril			
Quest	Reply From Myra			
Quest	Letter From Myra			
Quest	Silver Key			
Quest	Scrawled Parchment			
Quest	Treasure Clue 1			
Quest	Treasure Clue 2			
Quest	Treasure Clue 3			
Quest	Treasure Clue 4			
Quest	Treasure Clue 5			
Quest	Treasure Clue 6			
Quest	Witch's Potion			
Quest	Yeron's Tablet			
Ranged	Apollo's Crossbow			
Ranged	Arken's Crossbow			
Ranged	Bandit Crossbow			
Ranged	Dragonstomper .01			
Ranged	Ebony Crossbow			
Ranged	Ebony Longbow			
Ranged	Elite Crossbow			
Ranged	Master Crossbow			
Ranged	Master Longbow			
Ranged	Oak Crossbow			
Ranged	Oak Longbow			
Ranged	Skorm's Bow			
Ranged	Yew Crossbow			
Ranged	Yew Longbow			
Spell	Progressive Assassin Rush 1			
Spell	Progressive Assassin Rush 2			
Spell	Progressive Assassin Rush 3			
Spell	Maximum Assassin Rush			
Spell	Progressive Battle Charge 1			
Spell	Progressive Battle Charge 2			
Spell	Progressive Battle Charge 3			
Spell	Maximum Battle Charge			
Spell	Progressive Berserk 1			
Spell	Progressive Berserk 2			
Spell	Progressive Berserk 3			
Spell	Maximum Berserk			
Spell	Progressive Divine Fury 1			
Spell	Progressive Divine Fury 2			
Spell	Progressive Divine Fury 3			
Spell	Maximum Divine Fury			
Spell	Progressive Drain Life 1			
Spell	Progressive Drain Life 2			
Spell	Progressive Drain Life 3			
Spell	Maximum Drain Life			
Spell	Progressive Enflame 1			
Spell	Progressive Enflame 2			
Spell	Progressive Enflame 3			
Spell	Maximum Enflame			
Spell	Progressive Fireball 1			
Spell	Progressive Fireball 2			
Spell	Progressive Fireball 3			
Spell	Maximum Fireball			
Spell	Progressive Force Push 1			
Spell	Progressive Force Push 2			
Spell	Progressive Force Push 3			
Spell	Maximum Force Push			
Spell	Progressive Ghost Sword 1			
Spell	Progressive Ghost Sword 2			
Spell	Progressive Ghost Sword 3			
Spell	Maximum Ghost Sword			
Spell	Progressive Heal Life 1			
Spell	Progressive Heal Life 2			
Spell	Progressive Heal Life 3			
Spell	Maximum Heal Life			
Spell	Progressive Infernal Wrath 1			
Spell	Progressive Infernal Wrath 2			
Spell	Progressive Infernal Wrath 3			
Spell	Maximum Infernal Wrath			
Spell	Progressive Lightning 1			
Spell	Progressive Lightning 2			
Spell	Progressive Lightning 3			
Spell	Maximum Lightning			
Spell	Progressive Multi Arrow 1			
Spell	Progressive Multi Arrow 2			
Spell	Progressive Multi Arrow 3			
Spell	Maximum Multi Arrow			
Spell	Progressive Multi Strike 1			
Spell	Progressive Multi Strike 2			
Spell	Progressive Multi Strike 3			
Spell	Maximum Multi Strike			
Spell	Progressive Physical Shield 1			
Spell	Progressive Physical Shield 2			
Spell	Progressive Physical Shield 3			
Spell	Maximum Physical Shield			
Spell	Progressive Slow Time 1			
Spell	Progressive Slow Time 2			
Spell	Progressive Slow Time 3			
Spell	Maximum Slow Time			
Spell	Progressive Summon 1			
Spell	Progressive Summon 2			
Spell	Progressive Summon 3			
Spell	Maximum Summon			
Spell	Progressive Turncoat 1			
Spell	Progressive Turncoat 2			
Spell	Progressive Turncoat 3			
Spell	Maximum Turncoat			
Style	Big Beard	4343	Yes	Confirmed via clean single-CDEF isolated test (fresh profile). Applies appearance directly (not a held item).
Style	Foreign Moustache	4349	Yes	Confirmed via clean single-CDEF isolated test (fresh profile). Applies appearance directly (not a held item).
Style	Mutton Chop Beard	4338	Yes	Confirmed via clean single-CDEF isolated test (fresh profile). Applies appearance directly (not a held item).
Style	Normal Beard	4335	Yes	Confirmed via clean single-CDEF isolated test (fresh profile). Applies appearance directly (not a held item).
Style	Normal Haircut	4326	Yes	Confirmed via clean single-CDEF isolated test (fresh profile). Applies appearance directly (not a held item).
Style	Plaits	4333	Yes	Confirmed via clean single-CDEF isolated test (fresh profile). Applies appearance directly (not a held item).
Style	Ponytail	4330	Yes	Confirmed via clean single-CDEF isolated test (fresh profile). Applies appearance directly (not a held item).
Style	Power Moustache	4347	Yes	Confirmed via clean single-CDEF isolated test (fresh profile). Applies appearance directly (not a held item).
Style	Short Hair	4328	Yes	Confirmed via clean single-CDEF isolated test (fresh profile). Applies appearance directly (not a held item).
Style	Small Moustache	4350	Yes	Confirmed via clean single-CDEF isolated test (fresh profile). Applies appearance directly (not a held item).
Style	Standard Beard	4336	Yes	Confirmed via clean single-CDEF isolated test (fresh profile). Applies appearance directly (not a held item).
Style	Strip Beard	4341	Yes	Confirmed via clean single-CDEF isolated test (fresh profile). Applies appearance directly (not a held item).
Style	The Buzz	4327	Yes	Confirmed via clean single-CDEF isolated test (fresh profile). Applies appearance directly (not a held item).
Style	The Pudding Basin	4329	Yes	Confirmed via clean single-CDEF isolated test (fresh profile). Applies appearance directly (not a held item).
Style	Trader Style Moustache	4346	Yes	Confirmed via clean single-CDEF isolated test (fresh profile). Applies appearance directly (not a held item).
Style	Tramp Beard	4342	Yes	Confirmed via clean single-CDEF isolated test (fresh profile). Applies appearance directly (not a held item).
Style	Working Moustache	4345	Yes	Confirmed via clean single-CDEF isolated test (fresh profile). Applies appearance directly (not a held item).
Style	Youngster Style	4331	Yes	Confirmed via clean single-CDEF isolated test (fresh profile). Applies appearance directly (not a held item).
Style	The Warrior Stripe	4332	Yes	Confirmed via clean single-CDEF isolated test (fresh profile). Applies appearance directly (not a held item). Not previously on sheet.
Style	Bald	4334	Yes	Confirmed via clean single-CDEF isolated test (fresh profile). Applies appearance directly (not a held item). Not previously on sheet.
Style	Regular Beard	4337	Yes	Confirmed via clean single-CDEF isolated test (fresh profile). Applies appearance directly (not a held item). Not previously on sheet.
Style	Long Beard	4339	Yes	Confirmed via clean single-CDEF isolated test (fresh profile). Applies appearance directly (not a held item). Not previously on sheet.
Style	Chin Beard	4340	Yes	Confirmed via clean single-CDEF isolated test (fresh profile). Applies appearance directly (not a held item). Not previously on sheet.
Style	Clean Shave	4344	Yes	Confirmed via clean single-CDEF isolated test (fresh profile). Applies appearance directly (not a held item). Not previously on sheet.
Style	Sheriff Moustache	4348	Yes	Confirmed via clean single-CDEF isolated test (fresh profile). Applies appearance directly (not a held item). Not previously on sheet.
Tattoo	Arrowhead	4382	Yes	Confirmed via clean single-CDEF isolated test (fresh profile). Applies appearance directly (not a held item).
Tattoo	Autumn Leaves	4370	Yes	Confirmed via clean single-CDEF isolated test (fresh profile). Applies appearance directly (not a held item).
Tattoo	Big Blue Box, Chest	4411	Yes	Confirmed via clean single-CDEF isolated test (fresh profile). Applies appearance directly (not a held item).
Tattoo	Big Blue Box, Back	4412	Yes	Confirmed via clean single-CDEF isolated test (fresh profile). Applies appearance directly (not a held item).
Tattoo	Coron Birth	4388	Yes	Confirmed via clean single-CDEF isolated test (fresh profile). Applies appearance directly (not a held item).
Tattoo	Coron Night	4379	Yes	Confirmed via clean single-CDEF isolated test (fresh profile). Applies appearance directly (not a held item).
Tattoo	Coron Visor	4385	Yes	Confirmed via clean single-CDEF isolated test (fresh profile). Applies appearance directly (not a held item).
Tattoo	Dark Vortex	4352	Yes	Confirmed via clean single-CDEF isolated test (fresh profile). Applies appearance directly (not a held item).
Tattoo	Deathlicon	4359	Yes	Confirmed via clean single-CDEF isolated test (fresh profile). Applies appearance directly (not a held item).
Tattoo	Dorgon	4399	Yes	Confirmed via clean single-CDEF isolated test (fresh profile). Applies appearance directly (not a held item).
Tattoo	Dragon	4416	Yes	Confirmed via clean single-CDEF isolated test (fresh profile). Applies appearance directly (not a held item).
Tattoo	Eyes Of Skorm	4377	Yes	Confirmed via clean single-CDEF isolated test (fresh profile). Applies appearance directly (not a held item).
Tattoo	Eyes Of Avo	4376	Yes	Confirmed via clean single-CDEF isolated test (fresh profile). Applies appearance directly (not a held item).
Tattoo	Fire Monkey	4372	Yes	Confirmed via clean single-CDEF isolated test (fresh profile). Applies appearance directly (not a held item).
Tattoo	Furite Arm	4404	Yes	Confirmed via clean single-CDEF isolated test (fresh profile). Applies appearance directly (not a held item).
Tattoo	Furite Deathhead, Chest			
Tattoo	Furite Deathhead, Back	4401	Yes	Confirmed via clean single-CDEF isolated test (fresh profile). Applies appearance directly (not a held item).
Tattoo	Furite Flame, Back	4402	Yes	Confirmed via clean single-CDEF isolated test (fresh profile). Applies appearance directly (not a held item).
Tattoo	Furite Flame, Chest			
Tattoo	Furite Flash	4410	Yes	Confirmed via clean single-CDEF isolated test (fresh profile). Applies appearance directly (not a held item).
Tattoo	Furite Funeral	4409	Yes	Confirmed via clean single-CDEF isolated test (fresh profile). Applies appearance directly (not a held item).
Tattoo	Furite Swirl	4396	Yes	Confirmed via clean single-CDEF isolated test (fresh profile). Applies appearance directly (not a held item).
Tattoo	Furite War	4406	Yes	Confirmed via clean single-CDEF isolated test (fresh profile). Applies appearance directly (not a held item).
Tattoo	Golden Harvest	4374	Yes	Confirmed via clean single-CDEF isolated test (fresh profile). Applies appearance directly (not a held item).
Tattoo	Gryphonite	4395	Yes	Confirmed via clean single-CDEF isolated test (fresh profile). Applies appearance directly (not a held item).
Tattoo	Harion, Arm	4364	Yes	Confirmed via clean single-CDEF isolated test (fresh profile). Applies appearance directly (not a held item).
Tattoo	Harion, Shoulder	4360	Yes	Confirmed via clean single-CDEF isolated test (fresh profile). Applies appearance directly (not a held item).
Tattoo	Harvest	4373	Yes	Confirmed via clean single-CDEF isolated test (fresh profile). Applies appearance directly (not a held item).
Tattoo	Howl	4407	Yes	Confirmed via clean single-CDEF isolated test (fresh profile). Applies appearance directly (not a held item).
Tattoo	Karlan Wings	4354	Yes	Confirmed via clean single-CDEF isolated test (fresh profile). Applies appearance directly (not a held item).
Tattoo	Kryndon	4391	Yes	Confirmed via clean single-CDEF isolated test (fresh profile). Applies appearance directly (not a held item).
Tattoo	Lionhead, Back	4414	Yes	Confirmed via clean single-CDEF isolated test (fresh profile). Applies appearance directly (not a held item).
Tattoo	Lionhead, Chest	4413	Yes	Confirmed via clean single-CDEF isolated test (fresh profile). Applies appearance directly (not a held item).
Tattoo	Poison Web	4405	Yes	Confirmed via clean single-CDEF isolated test (fresh profile). Applies appearance directly (not a held item).
Tattoo	Seachaos, Arm	4363	Yes	Confirmed via clean single-CDEF isolated test (fresh profile). Applies appearance directly (not a held item).
Tattoo	Seacorpse	4384	Yes	Confirmed via clean single-CDEF isolated test (fresh profile). Applies appearance directly (not a held item).
Tattoo	Somrune	4371	Yes	Confirmed via clean single-CDEF isolated test (fresh profile). Applies appearance directly (not a held item).
Tattoo	Spiral Dementia	4369	Yes	Confirmed via clean single-CDEF isolated test (fresh profile). Applies appearance directly (not a held item).
Tattoo	Tallin Clan, Arm	4362	Yes	Confirmed via clean single-CDEF isolated test (fresh profile). Applies appearance directly (not a held item).
Tattoo	Tallin Clan, Leg	4366	Yes	Confirmed via clean single-CDEF isolated test (fresh profile). Applies appearance directly (not a held item).
Tattoo	Vambrace	4375	Yes	Confirmed via clean single-CDEF isolated test (fresh profile). Applies appearance directly (not a held item).
Tattoo	Remove Tattoos	4351	Yes	Confirmed via clean single-CDEF isolated test (fresh profile). Applies appearance directly (not a held item). Not previously on sheet.
Tattoo	Balverine Skull Tattoo	4353	Yes	Confirmed via clean single-CDEF isolated test (fresh profile). Applies appearance directly (not a held item). Not previously on sheet; verify exact display name.
Tattoo	Gryphon	4355	Yes	Confirmed via clean single-CDEF isolated test (fresh profile). Applies appearance directly (not a held item). Distinct tattoo from 'Gryphonite' (4395, confirmed separately). Not previously on sheet.
Tattoo	Firis Head (verify)	4358	Yes	Confirmed via clean single-CDEF isolated test (fresh profile). Applies appearance directly (not a held item). VERIFY spelling: reported roughly as 'firis head'; symbol TATTOO_CARD_BACK_01; possibly matches a 'Furite Deathhead, Back'-type entry.
Tattoo	Chest Custom (empty slot)	4356	No	Confirmed via clean single-CDEF isolated test (fresh profile). Applies appearance directly (not a held item). CHEST_CUSTOM_01: rejected, no visible effect - player-design placeholder slot.
Tattoo	Back Custom (empty slot)	4357	No	Confirmed via clean single-CDEF isolated test (fresh profile). Applies appearance directly (not a held item). BACK_CUSTOM_01: rejected, no visible effect - player-design placeholder slot.
Tattoo	Seachaos, Leg	4367	Yes	Confirmed via clean single-CDEF isolated test (fresh profile). Applies appearance directly (not a held item). Not previously on sheet (sheet has Seachaos, Arm only).
Tattoo	Four Spades	4378	Yes	Confirmed via clean single-CDEF isolated test (fresh profile). Applies appearance directly (not a held item). Not previously on sheet.
Tattoo	Coron Dawn	4380	Yes	Confirmed via clean single-CDEF isolated test (fresh profile). Applies appearance directly (not a held item). Not previously on sheet; distinct from Coron Birth/Night/Visor.
Tattoo	Coron Dusk	4381	Yes	Confirmed via clean single-CDEF isolated test (fresh profile). Applies appearance directly (not a held item). Not previously on sheet; distinct from Coron Birth/Night/Visor.
Tattoo	Coron Mask	4383	Yes	Confirmed via clean single-CDEF isolated test (fresh profile). Applies appearance directly (not a held item). Not previously on sheet; distinct from Coron Visor (4385).
Tattoo	Double Arrow	4386	Yes	Confirmed via clean single-CDEF isolated test (fresh profile). Applies appearance directly (not a held item). Not previously on sheet.
Tattoo	Arrow Tongue	4387	Yes	Confirmed via clean single-CDEF isolated test (fresh profile). Applies appearance directly (not a held item). Not previously on sheet.
Tattoo	Ruon Peak	4389	Yes	Confirmed via clean single-CDEF isolated test (fresh profile). Applies appearance directly (not a held item). Not previously on sheet.
Tattoo	Froydian	4390	Yes	Confirmed via clean single-CDEF isolated test (fresh profile). Applies appearance directly (not a held item). Not previously on sheet.
Tattoo	Lopion	4392	Yes	Confirmed via clean single-CDEF isolated test (fresh profile). Applies appearance directly (not a held item). Not previously on sheet.
Tattoo	Coron Wave	4393	Yes	Confirmed via clean single-CDEF isolated test (fresh profile). Applies appearance directly (not a held item). Not previously on sheet.
Tattoo	Valiance	4394	Yes	Confirmed via clean single-CDEF isolated test (fresh profile). Applies appearance directly (not a held item). Not previously on sheet.
Tattoo	Furite Deathhead, Chest (verify)	4397	Yes	Confirmed via clean single-CDEF isolated test (fresh profile). Applies appearance directly (not a held item). Reported roughly as 'furitet deathbed'; symbol KHGWAR_CHEST_02. Likely the sheet's 'Furite Deathhead, Chest' - VERIFY spelling.
Tattoo	Furite Flame, Stomach	4398	Yes	Confirmed via clean single-CDEF isolated test (fresh profile). Applies appearance directly (not a held item). Not previously on sheet (sheet has Furite Flame Chest/Back only).
Tattoo	Furite Swirl, Back	4400	Yes	Confirmed via clean single-CDEF isolated test (fresh profile). Applies appearance directly (not a held item). Second Furite Swirl variant; 4396 is the torso version matched to the sheet's single 'Furite Swirl' row - sheet may need splitting.
Tattoo	Red Widow	4403	Yes	Confirmed via clean single-CDEF isolated test (fresh profile). Applies appearance directly (not a held item). Not previously on sheet.
Tattoo	Furite Stripe, Face	4408	Yes	Confirmed via clean single-CDEF isolated test (fresh profile). Applies appearance directly (not a held item). Not previously on sheet.
Tattoo	Balverine	4415	Yes	Confirmed via clean single-CDEF isolated test (fresh profile). Applies appearance directly (not a held item). Not previously on sheet; distinct from 'Balverine Skull Tattoo' (4353).
Tattoo	Snowspire Slinger	4417	Yes	Confirmed via clean single-CDEF isolated test (fresh profile). Applies appearance directly (not a held item). Not previously on sheet.
Tattoo	Snowspire Commander	4418	Yes	Confirmed via clean single-CDEF isolated test (fresh profile). Applies appearance directly (not a held item). Not previously on sheet.
Tattoo	Snowspire Swordsman	4419	Yes	Confirmed via clean single-CDEF isolated test (fresh profile). Applies appearance directly (not a held item). Not previously on sheet.
Tattoo	Snowspire Spearsman	4420	Yes	Confirmed via clean single-CDEF isolated test (fresh profile). Applies appearance directly (not a held item). Not previously on sheet.
Tattoo	Snowspire Axeman	4421	Yes	Confirmed via clean single-CDEF isolated test (fresh profile). Applies appearance directly (not a held item). Not previously on sheet.
Tattoo	Snowspire Archer	4422	Yes	Confirmed via clean single-CDEF isolated test (fresh profile). Applies appearance directly (not a held item). Not previously on sheet.
Tattoo	Snowspire Crossbowman	4423	Yes	Confirmed via clean single-CDEF isolated test (fresh profile). Applies appearance directly (not a held item). Not previously on sheet.
Tattoo	Snowspire General	4424	Yes	Confirmed via clean single-CDEF isolated test (fresh profile). Applies appearance directly (not a held item). Not previously on sheet.
Tattoo	Snowspire Blacksmith	4425	Yes	Confirmed via clean single-CDEF isolated test (fresh profile). Applies appearance directly (not a held item). Not previously on sheet.
Tattoo	Snowspire Guard	4426	Yes	Confirmed via clean single-CDEF isolated test (fresh profile). Applies appearance directly (not a held item). Not previously on sheet.
Tattoo	Snowspire Innkeeper	4427	Yes	Confirmed via clean single-CDEF isolated test (fresh profile). Applies appearance directly (not a held item). Not previously on sheet.
Tattoo	(unusable - crashes)	4617	No	OBJECT_TATTOO_CARD_01: CRASHES the game on AddItemToInventory (isolated test). Same failure class as gold CDEFs - cannot be granted via this path.
Tool	Fishing Rod			
Tool	Guild Seal			
Tool	Lamp			
Tool	Money Bag			
Tool	Spade			
Tool	The Rod Of Champions			
Trophy	Archon's Circle			
Trophy	Bandit Seal	4495	Yes	
Trophy	Champion's Seal			
Trophy	Fire Heart Band	4527	Yes	
Trophy	Fist Fighter's Trophy	4507	Yes	CDEF 4517 (OBJECT_TROPHY_PUNCH_CLUB_01) also tested ADDED_OK and displays as this same name in-game -- possible duplicate/variant, needs disambiguation before recording
Trophy	Golden Fish	4513	Yes	
Trophy	Hobbe Head	4514	Yes	
Trophy	Hobbe Tooth	4504	Yes	
Trophy	King Scorpion Stinger	4498	Yes	
Trophy	Kraken Tooth	4509	Yes	
Trophy	Maze's Clasp	4515	Yes	
Trophy	Map To Lost Bay	4525	Yes	
Trophy	Minion's Helmet	4516	Yes	
Trophy	Silver Arrow	4519	Yes	
Trophy	Summoner's Gauntlet	4526	Yes	
Trophy	Thunder's Helmet	4508	Yes	
Trophy	Trader's Feather	4520	Yes	
Trophy	Trader's Head	4505	Yes	
Trophy	Undead Hand	4521	Yes	
Trophy	Wasp Queen's Head	4496	Yes	
Trophy	Whisper's Brooch	4522	Yes	
Trophy	White Balverine Head	4512	Yes	
Trophy	Evil Wasp Queen Head	4497	Yes	Dev test item - description says 'not for the final game!'; not previously on sheet
Trophy	Balverine's Head	4499	Yes	Confirmed in-game; distinct from 'White Balverine Head' (row 656, still untested)
Trophy	Claw	4500	Yes	Not previously on sheet; confirmed in-game
Trophy	Hero's Axe	4501	Yes	Not previously on sheet; confirmed in-game
Trophy	Hero's Belt	4502	Yes	Not previously on sheet; confirmed in-game
Trophy	Lobster's Claw	4503	Yes	Not previously on sheet; confirmed in-game
Trophy	Scrumpy Crate	4506	Yes	Not previously on sheet; confirmed in-game
Trophy	Archaeologist's Map	4510	Yes	Not previously on sheet; confirmed in-game
Trophy	Scorpion Sting	4518	Yes	Not previously on sheet; confirmed in-game; distinct from 'King Scorpion Stinger' (4498)
Trophy	Dragon Scale	4511	Yes	Not previously on sheet; confirmed in-game (Trophies tab)
Trophy	Jack's Mask	4523	Yes	Symbol OBJECT_TROPHY_JOB_MASK_01; shows in 'Items: Other' inventory tab in-game, not Trophies; not previously on sheet
Trophy	Dragon Gate	4524	No	OBJECT_TROPHY_DRAGON_GATE_01; mod AddItemToInventory returned OK but item NOT visible in any inventory tab in-game -- likely internal/non-holdable token
